nn1,nn2,clinn1
AGAWA-Project01,one-agawa,Agawam
PELHA-Project01,one-pelha,Pelham
AMHER-Project01,one-amher,Amherst
BARRE-Project01,one-barre,Barre
BELCH-Project01,one-belch,Belchertown
BLAND-Project01,one-bland,Blandford
BRIMF-Project01,one-brimf,Brimfield
CHEST-Project01,one-chest,Chester
CHEST-Project01,one-chest,Chesterfield
CHICO-Project01,one-chico,Chicopee
CUMMI-Project01,one-cummi,Cummington
EASTH-Project01,one-easth,Easthampton
WESTH-Project01,one-westh,Westhampton
EASTL-Project01,one-eastl,East.Longmeadow
GOSHE-Project01,one-goshe,Goshen
GRANB-Project01,one-granb,Granby
GRANV-Project01,one-granv,Granville
HADLE-Project01,one-hadle,Hadley
HAMPD-Project01,one-hampd,Hampden
HARDW-Project01,one-hardw,Hardwick
HATFI-Project01,one-hatfi,Hatfield
HOLYO-Project01,one-holyo,Holyoke
HUNTI-Project01,one-hunti,Huntington
LEVER-Project01,one-lever,Leverett
LUDLO-Project01,one-ludlo,Ludlow
MONSO-Project01,one-monso,Monson
NORTH-Project01,one-north,Northampton
OAKHA-Project01,one-oakha,Oakham
PALME-Project01,one-palme,Palmer
PLAIN-Project01,one-plain,Plainfield
RUSSE-Project01,one-russe,Russell
SHUTE-Project01,one-shute,Shutesbury
SOUTH-Project01,one-south,Southampton
SOUTH-Project01,one-south,South.Hadley
SOUTH-Project01,one-south,Southwick
WALES-Project01,one-wales,Wales
WARE-Project01,one-ware,Ware
WARRE-Project01,one-warre,Warren
WESTF-Project01,one-westf,Westfield
MONTG-Project01,one-montg,Montgomery
WESTS-Project01,one-wests,West.Springfield
WHATE-Project01,one-whate,Whately
WILBR-Project01,one-wilbr,Wilbraham
WILLI-Project01,one-willi,Williamsburg
WORTH-Project01,one-worth,Worthington
SPRIN-Project01,one-sprin,Springfield
LONGM-Project01,one-longm,Longmeadow
PITTS-Project01,one-pitts,Pittsfield
ADAMS-Project01,one-adams,Adams
BECKE-Project01,one-becke,Becket
WASHI-Project01,one-washi,Washington
CHESH-Project01,one-chesh,Cheshire
DALTO-Project01,one-dalto,Dalton
GREAT-Project01,one-great,Great Barrington
ALFOR-Project01,one-alfor,Alford
HINSD-Project01,one-hinsd,Hinsdale
PERU-Project01,one-peru,Peru
HANCO-Project01,one-hanco,Hancock
LANES-Project01,one-lanes,Lanesborough
NEWAS-Project01,one-newas,New Ashford
LEE-Project01,one-lee,Lee
LENOX-Project01,one-lenox,Lenox
MIDDL-Project01,one-middl,Middlefield
NEWMA-Project01,one-newma,New Marlborough
MONTE-Project01,one-monte,Monterey
NORTH-Project01,one-north,North.Adams
CLARK-Project01,one-clark,Clarksburg
FLORI-Project01,one-flori,Florida
OTIS-Project01,one-otis,Otis
RICHM-Project01,one-richm,Richmond
SANDI-Project01,one-sandi,Sandisfield
SAVOY-Project01,one-savoy,Savoy
SHEFF-Project01,one-sheff,Sheffield
MOUNT-Project01,one-mount,Mount Washington
EGREM-Project01,one-egrem,Egremont
STOCK-Project01,one-stock,Stockbridge
TYRIN-Project01,one-tyrin,Tyringham
WESTS-Project01,one-wests,West.Stockbridge
WILLI-Project01,one-willi,Williamstown
WINDS-Project01,one-winds,Windsor
GREEN-Project01,one-green,Greenfield
ASHFI-Project01,one-ashfi,Ashfield
ATHOL-Project01,one-athol,Athol
PHILL-Project01,one-phill,Phillipston
BERNA-Project01,one-berna,Bernardston
LEYDE-Project01,one-leyde,Leyden
BUCKL-Project01,one-buckl,Buckland
CHARL-Project01,one-charl,Charlemont
HAWLE-Project01,one-hawle,Hawley
COLRA-Project01,one-colra,Colrain
CONWA-Project01,one-conwa,Conway
DEERF-Project01,one-deerf,Deerfield
ERVIN-Project01,one-ervin,Erving
HEATH-Project01,one-heath,Heath
MONRO-Project01,one-monro,Monroe
MONTA-Project01,one-monta,Montague
GILL-Project01,one-gill,Gill
NEWSA-Project01,one-newsa,New Salem
NORTH-Project01,one-north,Northfield
ORANG-Project01,one-orang,Orange
PETER-Project01,one-peter,Petersham
ROWE-Project01,one-rowe,Rowe
ROYAL-Project01,one-royal,Royalston
SHELB-Project01,one-shelb,Shelburne
SUNDE-Project01,one-sunde,Sunderland
WARWI-Project01,one-warwi,Warwick
WENDE-Project01,one-wende,Wendell
FITCH-Project01,one-fitch,Fitchburg
ASHBU-Project01,one-ashbu,Ashburnham
ASHBY-Project01,one-ashby,Ashby
AYER-Project01,one-ayer,Ayer
GARDN-Project01,one-gardn,Gardner
WESTM-Project01,one-westm,Westminster
GROTO-Project01,one-groto,Groton
HARVA-Project01,one-harva,Harvard
HUBBA-Project01,one-hubba,Hubbardston
LEOMI-Project01,one-leomi,Leominster
LITTL-Project01,one-littl,Littleton
LUNEN-Project01,one-lunen,Lunenburg
PEPPE-Project01,one-peppe,Pepperell
SHIRL-Project01,one-shirl,Shirley
TEMPL-Project01,one-templ,Templeton
TOWNS-Project01,one-towns,Townsend
WINCH-Project01,one-winch,Winchendon
AUBUR-Project01,one-aubur,Auburn
BERLI-Project01,one-berli,Berlin
BLACK-Project01,one-black,Blackstone
BOYLS-Project01,one-boyls,Boylston
BROOK-Project01,one-brook,Brookfield
CHARL-Project01,one-charl,Charlton
CLINT-Project01,one-clint,Clinton
EASTB-Project01,one-eastb,East.Brookfield
DOUGL-Project01,one-dougl,Douglas
GRAFT-Project01,one-graft,Grafton
HOLDE-Project01,one-holde,Holden
HOLLA-Project01,one-holla,Holland
LANCA-Project01,one-lanca,Lancaster
LEICE-Project01,one-leice,Leicester
MILLB-Project01,one-millb,Millbury
MILLV-Project01,one-millv,Millville
NEWBR-Project01,one-newbr,New Braintree
NORTH-Project01,one-north,Northborough
NORTH-Project01,one-north,Northbridge
NORTH-Project01,one-north,North.Brookfield
OXFOR-Project01,one-oxfor,Oxford
PRINC-Project01,one-princ,Princeton
RUTLA-Project01,one-rutla,Rutland
SHREW-Project01,one-shrew,Shrewsbury
SOUTH-Project01,one-south,Southbridge
SPENC-Project01,one-spenc,Spencer
STERL-Project01,one-sterl,Sterling
STURB-Project01,one-sturb,Sturbridge
UPTON-Project01,one-upton,Upton
UXBRI-Project01,one-uxbri,Uxbridge
WEBST-Project01,one-webst,Webster
DUDLE-Project01,one-dudle,Dudley
WESTB-Project01,one-westb,Westborough
WESTB-Project01,one-westb,West.Boylston
WESTB-Project01,one-westb,West.Brookfield
SUTTO-Project01,one-sutto,Sutton
WORCE-Project01,one-worce,Worcester
PAXTO-Project01,one-paxto,Paxton
TOLLA-Project01,one-tolla,Tolland
FRAMI-Project01,one-frami,Framingham
BOXBO-Project01,one-boxbo,Boxborough
ACTON-Project01,one-acton,Acton
ASHLA-Project01,one-ashla,Ashland
BEDFO-Project01,one-bedfo,Bedford
BOLTO-Project01,one-bolto,Bolton
CARLI-Project01,one-carli,Carlisle
CONCO-Project01,one-conco,Concord
HOLLI-Project01,one-holli,Holliston
HOPED-Project01,one-hoped,Hopedale
HOPKI-Project01,one-hopki,Hopkinton
HUDSO-Project01,one-hudso,Hudson
MARLB-Project01,one-marlb,Marlborough
MAYNA-Project01,one-mayna,Maynard
MENDO-Project01,one-mendo,Mendon
MILFO-Project01,one-milfo,Milford
NATIC-Project01,one-natic,Natick
SHERB-Project01,one-sherb,Sherborn
SOUTH-Project01,one-south,Southborough
LINCO-Project01,one-linco,Lincoln
STOW-Project01,one-stow,Stow
SUDBU-Project01,one-sudbu,Sudbury
WAYLA-Project01,one-wayla,Wayland
WOBUR-Project01,one-wobur,Woburn
BURLI-Project01,one-burli,Burlington
ANDOV-Project01,one-andov,Andover
BILLE-Project01,one-bille,Billerica
CHELM-Project01,one-chelm,Chelmsford
DRACU-Project01,one-dracu,Dracut
DUNST-Project01,one-dunst,Dunstable
HAVER-Project01,one-haver,Haverhill
GEORG-Project01,one-georg,Georgetown
GROVE-Project01,one-grove,Groveland
LAWRE-Project01,one-lawre,Lawrence
METHU-Project01,one-methu,Methuen
NORTH-Project01,one-north,North.Andover
LOWEL-Project01,one-lowel,Lowell
MERRI-Project01,one-merri,Merrimac
NORTH-Project01,one-north,North.Reading
READI-Project01,one-readi,Reading
TEWKS-Project01,one-tewks,Tewksbury
TYNGS-Project01,one-tyngs,Tyngsborough
WAKEF-Project01,one-wakef,Wakefield
WESTF-Project01,one-westf,Westford
WILMI-Project01,one-wilmi,Wilmington
WINCH-Project01,one-winch,Winchester
LYNN-Project01,one-lynn,Lynn
SAUGU-Project01,one-saugu,Saugus
SWAMP-Project01,one-swamp,Swampscott
NAHAN-Project01,one-nahan,Nahant
AMESB-Project01,one-amesb,Amesbury
BEVER-Project01,one-bever,Beverly
BOXFO-Project01,one-boxfo,Boxford
DANVE-Project01,one-danve,Danvers
ESSEX-Project01,one-essex,Essex
GLOUC-Project01,one-glouc,Gloucester
HAMIL-Project01,one-hamil,Hamilton
IPSWI-Project01,one-ipswi,Ipswich
LYNNF-Project01,one-lynnf,Lynnfield
MANCH-Project01,one-manch,Manchester-by-the-Sea
MARBL-Project01,one-marbl,Marblehead
MIDDL-Project01,one-middl,Middleton
NEWBU-Project01,one-newbu,Newburyport
NEWBU-Project01,one-newbu,Newbury
SALIS-Project01,one-salis,Salisbury
PEABO-Project01,one-peabo,Peabody
ROCKP-Project01,one-rockp,Rockport
ROWLE-Project01,one-rowle,Rowley
SALEM-Project01,one-salem,Salem
TOPSF-Project01,one-topsf,Topsfield
WENHA-Project01,one-wenha,Wenham
WESTN-Project01,one-westn,West.Newbury
BELLI-Project01,one-belli,Bellingham
CANTO-Project01,one-canto,Canton
COHAS-Project01,one-cohas,Cohasset
DEDHA-Project01,one-dedha,Dedham
DOVER-Project01,one-dover,Dover
FOXBO-Project01,one-foxbo,Foxborough
FRANK-Project01,one-frank,Franklin
HINGH-Project01,one-hingh,Hingham
HULL-Project01,one-hull,Hull
MANSF-Project01,one-mansf,Mansfield
MARSH-Project01,one-marsh,Marshfield
MEDFI-Project01,one-medfi,Medfield
MEDWA-Project01,one-medwa,Medway
MILLI-Project01,one-milli,Millis
NORFO-Project01,one-norfo,Norfolk
NORWE-Project01,one-norwe,Norwell
NORWO-Project01,one-norwo,Norwood
SCITU-Project01,one-scitu,Scituate
SHARO-Project01,one-sharo,Sharon
STOUG-Project01,one-stoug,Stoughton
WALPO-Project01,one-walpo,Walpole
WESTW-Project01,one-westw,Westwood
WRENT-Project01,one-wrent,Wrentham
BOSTO-Project01,one-bosto,Boston
CAMBR-Project01,one-cambr,Cambridge
SOMER-Project01,one-somer,Somerville
MALDE-Project01,one-malde,Malden
EVERE-Project01,one-evere,Everett
CHELS-Project01,one-chels,Chelsea
REVER-Project01,one-rever,Revere
WINTH-Project01,one-winth,Winthrop
MEDFO-Project01,one-medfo,Medford
QUINC-Project01,one-quinc,Quincy
MELRO-Project01,one-melro,Melrose
STONE-Project01,one-stone,Stoneham
BRAIN-Project01,one-brain,Braintree
MILTO-Project01,one-milto,Milton
WEYMO-Project01,one-weymo,Weymouth
BROCK-Project01,one-brock,Brockton
AVON-Project01,one-avon,Avon
BRIDG-Project01,one-bridg,Bridgewater
CARVE-Project01,one-carve,Carver
DUXBU-Project01,one-duxbu,Duxbury
EASTB-Project01,one-eastb,East.Bridgewater
EASTO-Project01,one-easto,Easton
HALIF-Project01,one-halif,Halifax
HANOV-Project01,one-hanov,Hanover
HANSO-Project01,one-hanso,Hanson
HOLBR-Project01,one-holbr,Holbrook
MIDDL-Project01,one-middl,Middleborough
LAKEV-Project01,one-lakev,Lakeville
ABING-Project01,one-abing,Abington
PEMBR-Project01,one-pembr,Pembroke
PLYMO-Project01,one-plymo,Plymouth
KINGS-Project01,one-kings,Kingston
PLYMP-Project01,one-plymp,Plympton
RANDO-Project01,one-rando,Randolph
ROCKL-Project01,one-rockl,Rockland
WESTB-Project01,one-westb,West.Bridgewater
WHITM-Project01,one-whitm,Whitman
LEXIN-Project01,one-lexin,Lexington
BROOK-Project01,one-brook,Brookline
WALTH-Project01,one-walth,Waltham
NEWTO-Project01,one-newto,Newton
WATER-Project01,one-water,Watertown
ARLIN-Project01,one-arlin,Arlington
BELMO-Project01,one-belmo,Belmont
WELLE-Project01,one-welle,Wellesley
NEEDH-Project01,one-needh,Needham
WESTO-Project01,one-westo,Weston
BOURN-Project01,one-bourn,Bourne
CHILM-Project01,one-chilm,Chilmark
AQUIN-Project01,one-aquin,Aquinnah
EDGAR-Project01,one-edgar,Edgartown
FALMO-Project01,one-falmo,Falmouth
NANTU-Project01,one-nantu,Nantucket
OAKBL-Project01,one-oakbl,Oak Bluffs
SANDW-Project01,one-sandw,Sandwich
TISBU-Project01,one-tisbu,Tisbury
WAREH-Project01,one-wareh,Wareham
WESTT-Project01,one-westt,West.Tisbury
BARNS-Project01,one-barns,Barnstable
BREWS-Project01,one-brews,Brewster
CHATH-Project01,one-chath,Chatham
DENNI-Project01,one-denni,Dennis
EASTH-Project01,one-easth,Eastham
HARWI-Project01,one-harwi,Harwich
MASHP-Project01,one-mashp,Mashpee
ORLEA-Project01,one-orlea,Orleans
PROVI-Project01,one-provi,Provincetown
YARMO-Project01,one-yarmo,Yarmouth
TRURO-Project01,one-truro,Truro
WELLF-Project01,one-wellf,Wellfleet
FREET-Project01,one-freet,Freetown
ATTLE-Project01,one-attle,Attleboro
GOSNO-Project01,one-gosno,Gosnold
DARTM-Project01,one-dartm,Dartmouth
DIGHT-Project01,one-dight,Dighton
FAIRH-Project01,one-fairh,Fairhaven
FALLR-Project01,one-fallr,Fall River
SOMER-Project01,one-somer,Somerset
MARIO-Project01,one-mario,Marion
MATTA-Project01,one-matta,Mattapoisett
NEWBE-Project01,one-newbe,New Bedford
ACUSH-Project01,one-acush,Acushnet
NORTH-Project01,one-north,North.Attleborough
PLAIN-Project01,one-plain,Plainville
NORTO-Project01,one-norto,Norton
RAYNH-Project01,one-raynh,Raynham
REHOB-Project01,one-rehob,Rehoboth
ROCHE-Project01,one-roche,Rochester
SEEKO-Project01,one-seeko,Seekonk
SWANS-Project01,one-swans,Swansea
BERKL-Project01,one-berkl,Berkley
TAUNT-Project01,one-taunt,Taunton
WESTP-Project01,one-westp,Westport
AGAWA-Project02,two-agawa,Agawam
PELHA-Project02,two-pelha,Pelham
AMHER-Project02,two-amher,Amherst
BARRE-Project02,two-barre,Barre
BELCH-Project02,two-belch,Belchertown
BLAND-Project02,two-bland,Blandford
BRIMF-Project02,two-brimf,Brimfield
CHEST-Project02,two-chest,Chester
CHEST-Project02,two-chest,Chesterfield
CHICO-Project02,two-chico,Chicopee
CUMMI-Project02,two-cummi,Cummington
EASTH-Project02,two-easth,Easthampton
WESTH-Project02,two-westh,Westhampton
EASTL-Project02,two-eastl,East.Longmeadow
GOSHE-Project02,two-goshe,Goshen
GRANB-Project02,two-granb,Granby
GRANV-Project02,two-granv,Granville
HADLE-Project02,two-hadle,Hadley
HAMPD-Project02,two-hampd,Hampden
HARDW-Project02,two-hardw,Hardwick
HATFI-Project02,two-hatfi,Hatfield
HOLYO-Project02,two-holyo,Holyoke
HUNTI-Project02,two-hunti,Huntington
LEVER-Project02,two-lever,Leverett
LUDLO-Project02,two-ludlo,Ludlow
MONSO-Project02,two-monso,Monson
NORTH-Project02,two-north,Northampton
OAKHA-Project02,two-oakha,Oakham
PALME-Project02,two-palme,Palmer
PLAIN-Project02,two-plain,Plainfield
RUSSE-Project02,two-russe,Russell
SHUTE-Project02,two-shute,Shutesbury
SOUTH-Project02,two-south,Southampton
SOUTH-Project02,two-south,South.Hadley
SOUTH-Project02,two-south,Southwick
WALES-Project02,two-wales,Wales
WARE-Project02,two-ware,Ware
WARRE-Project02,two-warre,Warren
WESTF-Project02,two-westf,Westfield
MONTG-Project02,two-montg,Montgomery
WESTS-Project02,two-wests,West.Springfield
WHATE-Project02,two-whate,Whately
WILBR-Project02,two-wilbr,Wilbraham
WILLI-Project02,two-willi,Williamsburg
WORTH-Project02,two-worth,Worthington
SPRIN-Project02,two-sprin,Springfield
LONGM-Project02,two-longm,Longmeadow
PITTS-Project02,two-pitts,Pittsfield
ADAMS-Project02,two-adams,Adams
BECKE-Project02,two-becke,Becket
WASHI-Project02,two-washi,Washington
CHESH-Project02,two-chesh,Cheshire
DALTO-Project02,two-dalto,Dalton
GREAT-Project02,two-great,Great Barrington
ALFOR-Project02,two-alfor,Alford
HINSD-Project02,two-hinsd,Hinsdale
PERU-Project02,two-peru,Peru
HANCO-Project02,two-hanco,Hancock
LANES-Project02,two-lanes,Lanesborough
NEWAS-Project02,two-newas,New Ashford
LEE-Project02,two-lee,Lee
LENOX-Project02,two-lenox,Lenox
MIDDL-Project02,two-middl,Middlefield
NEWMA-Project02,two-newma,New Marlborough
MONTE-Project02,two-monte,Monterey
NORTH-Project02,two-north,North.Adams
CLARK-Project02,two-clark,Clarksburg
FLORI-Project02,two-flori,Florida
OTIS-Project02,two-otis,Otis
RICHM-Project02,two-richm,Richmond
SANDI-Project02,two-sandi,Sandisfield
SAVOY-Project02,two-savoy,Savoy
SHEFF-Project02,two-sheff,Sheffield
MOUNT-Project02,two-mount,Mount Washington
EGREM-Project02,two-egrem,Egremont
STOCK-Project02,two-stock,Stockbridge
TYRIN-Project02,two-tyrin,Tyringham
WESTS-Project02,two-wests,West.Stockbridge
WILLI-Project02,two-willi,Williamstown
WINDS-Project02,two-winds,Windsor
GREEN-Project02,two-green,Greenfield
ASHFI-Project02,two-ashfi,Ashfield
ATHOL-Project02,two-athol,Athol
PHILL-Project02,two-phill,Phillipston
BERNA-Project02,two-berna,Bernardston
LEYDE-Project02,two-leyde,Leyden
BUCKL-Project02,two-buckl,Buckland
CHARL-Project02,two-charl,Charlemont
HAWLE-Project02,two-hawle,Hawley
COLRA-Project02,two-colra,Colrain
CONWA-Project02,two-conwa,Conway
DEERF-Project02,two-deerf,Deerfield
ERVIN-Project02,two-ervin,Erving
HEATH-Project02,two-heath,Heath
MONRO-Project02,two-monro,Monroe
MONTA-Project02,two-monta,Montague
GILL-Project02,two-gill,Gill
NEWSA-Project02,two-newsa,New Salem
NORTH-Project02,two-north,Northfield
ORANG-Project02,two-orang,Orange
PETER-Project02,two-peter,Petersham
ROWE-Project02,two-rowe,Rowe
ROYAL-Project02,two-royal,Royalston
SHELB-Project02,two-shelb,Shelburne
SUNDE-Project02,two-sunde,Sunderland
WARWI-Project02,two-warwi,Warwick
WENDE-Project02,two-wende,Wendell
FITCH-Project02,two-fitch,Fitchburg
ASHBU-Project02,two-ashbu,Ashburnham
ASHBY-Project02,two-ashby,Ashby
AYER-Project02,two-ayer,Ayer
GARDN-Project02,two-gardn,Gardner
WESTM-Project02,two-westm,Westminster
GROTO-Project02,two-groto,Groton
HARVA-Project02,two-harva,Harvard
HUBBA-Project02,two-hubba,Hubbardston
LEOMI-Project02,two-leomi,Leominster
LITTL-Project02,two-littl,Littleton
LUNEN-Project02,two-lunen,Lunenburg
PEPPE-Project02,two-peppe,Pepperell
SHIRL-Project02,two-shirl,Shirley
TEMPL-Project02,two-templ,Templeton
TOWNS-Project02,two-towns,Townsend
WINCH-Project02,two-winch,Winchendon
AUBUR-Project02,two-aubur,Auburn
BERLI-Project02,two-berli,Berlin
BLACK-Project02,two-black,Blackstone
BOYLS-Project02,two-boyls,Boylston
BROOK-Project02,two-brook,Brookfield
CHARL-Project02,two-charl,Charlton
CLINT-Project02,two-clint,Clinton
EASTB-Project02,two-eastb,East.Brookfield
DOUGL-Project02,two-dougl,Douglas
GRAFT-Project02,two-graft,Grafton
HOLDE-Project02,two-holde,Holden
HOLLA-Project02,two-holla,Holland
LANCA-Project02,two-lanca,Lancaster
LEICE-Project02,two-leice,Leicester
MILLB-Project02,two-millb,Millbury
MILLV-Project02,two-millv,Millville
NEWBR-Project02,two-newbr,New Braintree
NORTH-Project02,two-north,Northborough
NORTH-Project02,two-north,Northbridge
NORTH-Project02,two-north,North.Brookfield
OXFOR-Project02,two-oxfor,Oxford
PRINC-Project02,two-princ,Princeton
RUTLA-Project02,two-rutla,Rutland
SHREW-Project02,two-shrew,Shrewsbury
SOUTH-Project02,two-south,Southbridge
SPENC-Project02,two-spenc,Spencer
STERL-Project02,two-sterl,Sterling
STURB-Project02,two-sturb,Sturbridge
UPTON-Project02,two-upton,Upton
UXBRI-Project02,two-uxbri,Uxbridge
WEBST-Project02,two-webst,Webster
DUDLE-Project02,two-dudle,Dudley
WESTB-Project02,two-westb,Westborough
WESTB-Project02,two-westb,West.Boylston
WESTB-Project02,two-westb,West.Brookfield
SUTTO-Project02,two-sutto,Sutton
WORCE-Project02,two-worce,Worcester
PAXTO-Project02,two-paxto,Paxton
TOLLA-Project02,two-tolla,Tolland
FRAMI-Project02,two-frami,Framingham
BOXBO-Project02,two-boxbo,Boxborough
ACTON-Project02,two-acton,Acton
ASHLA-Project02,two-ashla,Ashland
BEDFO-Project02,two-bedfo,Bedford
BOLTO-Project02,two-bolto,Bolton
CARLI-Project02,two-carli,Carlisle
CONCO-Project02,two-conco,Concord
HOLLI-Project02,two-holli,Holliston
HOPED-Project02,two-hoped,Hopedale
HOPKI-Project02,two-hopki,Hopkinton
HUDSO-Project02,two-hudso,Hudson
MARLB-Project02,two-marlb,Marlborough
MAYNA-Project02,two-mayna,Maynard
MENDO-Project02,two-mendo,Mendon
MILFO-Project02,two-milfo,Milford
NATIC-Project02,two-natic,Natick
SHERB-Project02,two-sherb,Sherborn
SOUTH-Project02,two-south,Southborough
LINCO-Project02,two-linco,Lincoln
STOW-Project02,two-stow,Stow
SUDBU-Project02,two-sudbu,Sudbury
WAYLA-Project02,two-wayla,Wayland
WOBUR-Project02,two-wobur,Woburn
BURLI-Project02,two-burli,Burlington
ANDOV-Project02,two-andov,Andover
BILLE-Project02,two-bille,Billerica
CHELM-Project02,two-chelm,Chelmsford
DRACU-Project02,two-dracu,Dracut
DUNST-Project02,two-dunst,Dunstable
HAVER-Project02,two-haver,Haverhill
GEORG-Project02,two-georg,Georgetown
GROVE-Project02,two-grove,Groveland
LAWRE-Project02,two-lawre,Lawrence
METHU-Project02,two-methu,Methuen
NORTH-Project02,two-north,North.Andover
LOWEL-Project02,two-lowel,Lowell
MERRI-Project02,two-merri,Merrimac
NORTH-Project02,two-north,North.Reading
READI-Project02,two-readi,Reading
TEWKS-Project02,two-tewks,Tewksbury
TYNGS-Project02,two-tyngs,Tyngsborough
WAKEF-Project02,two-wakef,Wakefield
WESTF-Project02,two-westf,Westford
WILMI-Project02,two-wilmi,Wilmington
WINCH-Project02,two-winch,Winchester
LYNN-Project02,two-lynn,Lynn
SAUGU-Project02,two-saugu,Saugus
SWAMP-Project02,two-swamp,Swampscott
NAHAN-Project02,two-nahan,Nahant
AMESB-Project02,two-amesb,Amesbury
BEVER-Project02,two-bever,Beverly
BOXFO-Project02,two-boxfo,Boxford
DANVE-Project02,two-danve,Danvers
ESSEX-Project02,two-essex,Essex
GLOUC-Project02,two-glouc,Gloucester
HAMIL-Project02,two-hamil,Hamilton
IPSWI-Project02,two-ipswi,Ipswich
LYNNF-Project02,two-lynnf,Lynnfield
MANCH-Project02,two-manch,Manchester-by-the-Sea
MARBL-Project02,two-marbl,Marblehead
MIDDL-Project02,two-middl,Middleton
NEWBU-Project02,two-newbu,Newburyport
NEWBU-Project02,two-newbu,Newbury
SALIS-Project02,two-salis,Salisbury
PEABO-Project02,two-peabo,Peabody
ROCKP-Project02,two-rockp,Rockport
ROWLE-Project02,two-rowle,Rowley
SALEM-Project02,two-salem,Salem
TOPSF-Project02,two-topsf,Topsfield
WENHA-Project02,two-wenha,Wenham
WESTN-Project02,two-westn,West.Newbury
BELLI-Project02,two-belli,Bellingham
CANTO-Project02,two-canto,Canton
COHAS-Project02,two-cohas,Cohasset
DEDHA-Project02,two-dedha,Dedham
DOVER-Project02,two-dover,Dover
FOXBO-Project02,two-foxbo,Foxborough
FRANK-Project02,two-frank,Franklin
HINGH-Project02,two-hingh,Hingham
HULL-Project02,two-hull,Hull
MANSF-Project02,two-mansf,Mansfield
MARSH-Project02,two-marsh,Marshfield
MEDFI-Project02,two-medfi,Medfield
MEDWA-Project02,two-medwa,Medway
MILLI-Project02,two-milli,Millis
NORFO-Project02,two-norfo,Norfolk
NORWE-Project02,two-norwe,Norwell
NORWO-Project02,two-norwo,Norwood
SCITU-Project02,two-scitu,Scituate
SHARO-Project02,two-sharo,Sharon
STOUG-Project02,two-stoug,Stoughton
WALPO-Project02,two-walpo,Walpole
WESTW-Project02,two-westw,Westwood
WRENT-Project02,two-wrent,Wrentham
BOSTO-Project02,two-bosto,Boston
CAMBR-Project02,two-cambr,Cambridge
SOMER-Project02,two-somer,Somerville
MALDE-Project02,two-malde,Malden
EVERE-Project02,two-evere,Everett
CHELS-Project02,two-chels,Chelsea
REVER-Project02,two-rever,Revere
WINTH-Project02,two-winth,Winthrop
MEDFO-Project02,two-medfo,Medford
QUINC-Project02,two-quinc,Quincy
MELRO-Project02,two-melro,Melrose
STONE-Project02,two-stone,Stoneham
BRAIN-Project02,two-brain,Braintree
MILTO-Project02,two-milto,Milton
WEYMO-Project02,two-weymo,Weymouth
BROCK-Project02,two-brock,Brockton
AVON-Project02,two-avon,Avon
BRIDG-Project02,two-bridg,Bridgewater
CARVE-Project02,two-carve,Carver
DUXBU-Project02,two-duxbu,Duxbury
EASTB-Project02,two-eastb,East.Bridgewater
EASTO-Project02,two-easto,Easton
HALIF-Project02,two-halif,Halifax
HANOV-Project02,two-hanov,Hanover
HANSO-Project02,two-hanso,Hanson
HOLBR-Project02,two-holbr,Holbrook
MIDDL-Project02,two-middl,Middleborough
LAKEV-Project02,two-lakev,Lakeville
ABING-Project02,two-abing,Abington
PEMBR-Project02,two-pembr,Pembroke
PLYMO-Project02,two-plymo,Plymouth
KINGS-Project02,two-kings,Kingston
PLYMP-Project02,two-plymp,Plympton
RANDO-Project02,two-rando,Randolph
ROCKL-Project02,two-rockl,Rockland
WESTB-Project02,two-westb,West.Bridgewater
WHITM-Project02,two-whitm,Whitman
LEXIN-Project02,two-lexin,Lexington
BROOK-Project02,two-brook,Brookline
WALTH-Project02,two-walth,Waltham
NEWTO-Project02,two-newto,Newton
WATER-Project02,two-water,Watertown
ARLIN-Project02,two-arlin,Arlington
BELMO-Project02,two-belmo,Belmont
WELLE-Project02,two-welle,Wellesley
NEEDH-Project02,two-needh,Needham
WESTO-Project02,two-westo,Weston
BOURN-Project02,two-bourn,Bourne
CHILM-Project02,two-chilm,Chilmark
AQUIN-Project02,two-aquin,Aquinnah
EDGAR-Project02,two-edgar,Edgartown
FALMO-Project02,two-falmo,Falmouth
NANTU-Project02,two-nantu,Nantucket
OAKBL-Project02,two-oakbl,Oak Bluffs
SANDW-Project02,two-sandw,Sandwich
TISBU-Project02,two-tisbu,Tisbury
WAREH-Project02,two-wareh,Wareham
WESTT-Project02,two-westt,West.Tisbury
BARNS-Project02,two-barns,Barnstable
BREWS-Project02,two-brews,Brewster
CHATH-Project02,two-chath,Chatham
DENNI-Project02,two-denni,Dennis
EASTH-Project02,two-easth,Eastham
HARWI-Project02,two-harwi,Harwich
MASHP-Project02,two-mashp,Mashpee
ORLEA-Project02,two-orlea,Orleans
PROVI-Project02,two-provi,Provincetown
YARMO-Project02,two-yarmo,Yarmouth
TRURO-Project02,two-truro,Truro
WELLF-Project02,two-wellf,Wellfleet
FREET-Project02,two-freet,Freetown
ATTLE-Project02,two-attle,Attleboro
GOSNO-Project02,two-gosno,Gosnold
DARTM-Project02,two-dartm,Dartmouth
DIGHT-Project02,two-dight,Dighton
FAIRH-Project02,two-fairh,Fairhaven
FALLR-Project02,two-fallr,Fall River
SOMER-Project02,two-somer,Somerset
MARIO-Project02,two-mario,Marion
MATTA-Project02,two-matta,Mattapoisett
NEWBE-Project02,two-newbe,New Bedford
ACUSH-Project02,two-acush,Acushnet
NORTH-Project02,two-north,North.Attleborough
PLAIN-Project02,two-plain,Plainville
NORTO-Project02,two-norto,Norton
RAYNH-Project02,two-raynh,Raynham
REHOB-Project02,two-rehob,Rehoboth
ROCHE-Project02,two-roche,Rochester
SEEKO-Project02,two-seeko,Seekonk
SWANS-Project02,two-swans,Swansea
BERKL-Project02,two-berkl,Berkley
TAUNT-Project02,two-taunt,Taunton
WESTP-Project02,two-westp,Westport
